Timestamp,Email address,Name,Height,Age,Weight,Gender,Blood Group,Blood Pressure,Allergy You Have,Medical Health History,Medication you take for diabetes,Medication you take for high pressure,Medication you take for heart disease,Medication you take for asthma,Medication you take for gastric,Medication you take for thyroid,Medication you take for pcod,Medication you take for migraine,Medication you take for arthritis,Medication you take for back pain,Medication  you take for depression,Medication you take for anxiety,Medication you take for allergies,Medication you take for cold/ cough/ fever,What are the current symptoms or health issues you are facing
26/08/2023 10:39:07,sbsr117@gmail.com,Soumik Banerjee,160,23,58,Male,O+,Normal,"Pollen Allergy, Dust Allergy, Animal Allergy, Mold Allergy, Smoke Allergy, Cold Air, Heat allergy","Asthma, Migraines",,,,Asthalin,Pan D,,,,,,,,Montair LC,Paracetamol,"Fever, Cold /Cough, allergy, rash / skin problem"
26/08/2023 10:55:45,sambasb2002@gmail.com,Samba Ghosh ,170,21,65,Male,A+,Normal,Dust Allergy,None,,,,,,,,,,,,,,,Cold /Cough
26/08/2023 10:57:58,annapoorani720@gmail.com,Annapoorani.V,170,21,50,Female,B+,Normal,None,None,,,,,,,,,,,,None,Aldry lotion,Paracetamol and citrisin,Abdominal pain
26/08/2023 10:58:17,pauljoyeta6@gmail.com,Joyeta Paul ,165,20,58,Female,B+,Normal,None,None,None,None,None,None,,,,,,,,,,,Back ache
26/08/2023 10:58:34,subhajitdutta1418@gmail.com,Subhajit Dutta,177,20,70,Male,O+,Normal,None,None,,,,,,,,,,,,,,,Cold /Cough
26/08/2023 11:01:15,pauljoyeta6@gmail.com,Joyeta Paul ,162,20,58,Female,B+,Normal,None,None,,,,,,,,,,,,,,,Back ache
26/08/2023 11:01:38,samarjeetmohanty02@gmail.com,Samarjeet Mohanty,180,21,67,Male,O+,Low,Dust Allergy,None,,,,,,,,,,,,,,,Sore throat
26/08/2023 11:02:29,maitysupratik0@gmail.com,Supratik Maity ,175,20,58,Male,O+,Normal,"Dust Allergy, Cold Air",None,None,None,None,None,None,None,None,None,None,None,Option 1,None,Yes ,Yes ,"Cold /Cough, allergy, rash / skin problem"
26/08/2023 11:03:14,adityabose18@gmail.com,Aditya Bose ,162,21,60,Male,AB+,Normal,Dust Allergy,Back Pain,,,,,,,,,,None,,,,Paracitamol and Antibiotics ,Back ache
26/08/2023 11:05:41,dtrisha399@gmail.com,Trisha Dhara,152,20,41,Female,O+,Low,None,"Gastric, Depression, Anxiety",,,,,"yes, when i felt this problem i take medicine",,,,,,,,,,Headache
26/08/2023 11:06:46,pratimm86@gmail.com,Pratim Mukherjee ,175,22,64,Male,B+,Normal,None,Back Pain,,,,,,,,,,Change postures ,,,,,Joint pain
26/08/2023 11:08:49,halder.bijayeeni2003@gmail.com,BIJAYEENI HALDER ,162,20,65,Female,B+,Normal,Heat allergy,PCOD,,,,,,,,,,,,,,,rash / skin problem
26/08/2023 11:10:45,subhadeepmondal8888@gmail.com,Subhadeep Mondal ,175,22,85,Male,B+,Normal,None,None,None,None,None,None,None,None,None,None,None,None,,None,None,None,Back ache
26/08/2023 11:11:14,royanway4th02@gmail.com,Anway Roy,182,21,68,Male,A+,Normal,None,None,,,,,,,,,,,,,,,rash / skin problem
26/08/2023 11:11:59,sharmaritik6395@gmail.com,Ritik sharma,162,21,54,Male,B+,Normal,Dust Allergy,"High Pressure, Heart Disease, Migraines, Back Pain, Depression, Anxiety",,"Diuretics, Beta blockers","Amiodarone, warfarin, aspirin",,,,,"Sumatriptan, aspirin",,,,"Lectopam, serax",,"Disprin, dolo, paracetamol ","Fever, Headache, Cold /Cough, Stomach ache"
26/08/2023 11:12:43,skhamim2196@gmail.com,Sk Mahammad Hamim ,170,20,84,Male,A+,Normal,None,None,,,,,,,,,,,,,,,None
26/08/2023 11:13:43,adrikamitra23@gmail.com,Adrika Mitra,162,20,60,Female,A+,Low,"Dust Allergy, Cold Air",PCOD,,,,,,,Oral contraceptive peels,,,,,,,,"Back ache, Abdominal pain"
26/08/2023 11:14:10,nandhu22092001@gmail.com,Nandhini S,163,22,45,Female,O+,Normal,None,None,None,None,None,None,None,None,None,None,None,None,,None,None,None,None
26/08/2023 11:16:40,someshtarra@gmail.com,Tarra someswararao,165,22,60,Male,A+,Normal,None,None,,,,,,,,,,,,,,,None
26/08/2023 11:19:00,garimaarora252@gmail.com,Garima Arora,165,21,60,Female,B+,Normal,None,None,,,,,,,,,,,,,,,None
26/08/2023 11:19:54,sougatagarai07@gmail.com,Sougata ,162,17,54,Male,AB+,Normal,None,None,None,None,None,None,None,None,None,None,,None,,None,None,None,No problem 
26/08/2023 11:20:25,uditchauhan962@gmail.com,Udit Chauhan ,177,20,55,Male,O+,Normal,None,None,,,,,,,,,,,,,,,Headache
26/08/2023 11:24:38,sakshimahajan295@gmail.com,Sakshi Mahajan,160,21,63,Female,O+,Low,None,"Depression, Anxiety",,,,,,,,,,,,,,,Headache
26/08/2023 11:27:35,galaprasanta@gmail.com,Prasanta ,160,21,65,Male,A+,Normal,None,None,,,,,,,,,,,,,,,None
26/08/2023 11:27:36,adrijaghosh112002@gmail.com,Adrija Ghosh,162,20,50,Female,A+,Low,Animal Allergy,"Asthma, Back Pain, Anxiety",None,None,None,Inhaler,None,None,None,None,None,Volini spray and tablets,,Antidepressants,Inhaler,Paracetamol,"Headache, Cold /Cough, Sore throat, Back ache"
26/08/2023 11:27:56,muhammed.ibrahim2023@vitstudent.ac.in,Muhammed ibrahim nazir ahsan.k,172,24,94,Male,O+,Normal,None,None,None,None,None,None,None,None,None,None,None,None,,None,None,None,rash / skin problem
26/08/2023 11:28:22,sarkarrudrayan@gmail.com,Rudrayan Sarkar,182,18,78,Male,O+,High,None,None,None,None,None,None,None,None,None,None,None,None,,None,None,"Septilin, Paracetamol, Cough Syrup ",Cold /Cough
26/08/2023 11:30:07,bosedebarghya7@gmail.com,Debarghya Bose ,171,21,46,Male,B+,Normal,"Dust Allergy, Cold Air",None,,,,,,,,,,,,,,,"Headache, rash / skin problem, Digestion problems"
26/08/2023 11:36:09,kanchanshriya1812@gmail.com,Shriya kanchan,152,22,70,Female,O+,Normal,None,None,None,None,None,None,None,None,None,None,None,None,,Better sleep,None,,Stomach ache
26/08/2023 11:36:33,rittikhalder7@gmail.com,Rittik Halder,172,21,60,Male,O+,Normal,Dust Allergy,Asthma,,,,Foracort 200,,,,,,,,,,MontairFX,Cold /Cough
26/08/2023 11:37:40,halder.biva1979@gmail.com,RITAMBHAR HALDER ,167,13,63,Male,B+,Normal,Smoke Allergy,Back Pain,,,,,,,,,,,,,,,Back ache
26/08/2023 11:37:49,subhankarbarman9998@gmail.com,Subhankar Barman ,165,23,65,Male,B+,Normal,None,None,,,,,,,,,,,,,None,Yes,Cold /Cough
26/08/2023 11:41:11,gautamvani46@gmail.com,Vani Gautam,160,20,55,Female,A+,Low,"Dust Allergy, Smoke Allergy, Cold Air, Heat allergy","Asthma, Migraines, Anxiety",,,,"Budecort,Levolin",,,,"Naxdom,Clotan",,,,"Dicorate ER, Clonafit",,,"Vertigo,balance disorders"
26/08/2023 11:41:39,goutamidas30@gmail.com,Goutami Das,159,21,71,Female,O+,Normal,"Dust Allergy, Heat allergy","Thyroid, PCOD, Migraines, Back Pain, Depression, Anxiety",,,,,,Thyroxine sodium tablet .. thyrocnorm 12.5mg,,,,,,Anxit 0.5,,,"Headache, Back ache, Abdominal pain"
26/08/2023 11:55:40,gopikanna2001@gmail.com,Gopi Kannan C,180,23,85,Male,B+,Normal,None,Depression,,,,,,,,,,,,,,,Sleep deprivation 
26/08/2023 12:04:49,kanjilalsoumyashree@gmail.com,Soumyashree Kanjilal,167,21,55,Female,O+,Normal,None,None,,,,,,,,,,,,,,,None
26/08/2023 12:05:08,haripriya29102002@gmail.com,Haripriya T,210,21,48,Female,B+,Normal,None,None,,,,,,,,,,,,,,,None
26/08/2023 12:21:28,dipangharamimakuat1@gmail.com,Dipan Gharami ,163,21,54,Male,O+,Normal,None,None,None,None,None,None,None,None,,None,None,None,None,None,None,None,None
26/08/2023 12:41:01,shibnathbapu@gmail.com,Shibnath Banerjee,167,54,65,Male,O+,High,Dust Allergy,High Pressure,None,Yes,None,None,None,Yes9,None,None,None,None,None,None,Yes,None,Back ache
26/08/2023 12:42:18,palds199@gmail.com,Pallabi Das ,162,29,70,Female,O+,Low,Dust Allergy,"Thyroid, Migraines, Back Pain",None,None,None,None,Gerocile,Thyroxin 25,None,None,None,Yes,None,None,None,Yes,"Joint pain, Back ache, rash / skin problem"
26/08/2023 12:46:02,prabirmukherjee5534@gmail.com,Peanut Mukherjee,167,55,67,Male,B+,Normal,None,None,None,None,None,None,None,no,None,None,None,None,None,None,None,None,Digestion problems
26/08/2023 12:52:00,priyasharmanrw2003@gmail.com,Priya ,149,20,45,Female,O+,Normal,None,None,,,,,,,,,,,,,,,Don't have any health issues mentioned above
26/08/2023 12:54:11,swarajkarmakar5@gmail.com,Swaraj Karmakar ,172,21,73,Male,A+,Normal,Dust Allergy,None,,,,,,,,,,,,,,,"Fever, Headache, Cold /Cough"
26/08/2023 12:55:23,elizabethsabu6@gmail.com,Elizabeth Sabu ,162,21,44,Female,A+,Normal,None,None,,,,,,,,,,,,,,,Back ache
26/08/2023 13:05:28,ankit.prasad57@gmail.com,Ankit Prasad ,187,26,90,Male,A+,Normal,"Pollen Allergy, Dust Allergy",None,None,None,None,,,,,,,,,,,,Digestion problems
26/08/2023 13:09:35,captainsayan7550@gmail.com,Sayan Mondal,167,23,53.5,Male,B+,Normal,None,None,,,,,,,,,,,,,,,Headache
26/08/2023 13:10:31,biplobkrishna@gmail.com,Biplob Kumar Dutta,176,60,75,Male,O+,High,None,"High Pressure, Heart Disease, Thyroid",None,Yes,Yes,None,None,Yes,None,None,None,None,None,None,None,None,None
26/08/2023 13:13:56,thilaksai.k2023@vitstudent.ac.in,Thilak sai,170,22,79,Male,O+,Normal,None,None,,,,,,,,,,,,,,,"Headache, "
26/08/2023 13:19:23,devayani292@gmail.com,Devayani ,157,21,43,Female,A+,Low,Cold Air,None,,,,,,,,,,,,,,Paracetamol ,Cold /Cough
26/08/2023 13:19:28,subashvoorhees081@gmail.com,Stranger ,175,22,70,Male,O+,Normal,None,Depression,No diabetes ,Nope ,None,None,None,None,None,None,None,None,None,None,None,None,"Sore throat, No"
26/08/2023 13:29:23,recoth1310@gmail.com,Recoth Paul,167,22,58,Male,A+,Normal,None,"Depression, Anxiety",,,,,,,,,,,None,None,,,Digestion problems
26/08/2023 13:38:23,hasan77777mehedi@gmail.com,Mehedi Hasan ,162,21,57,Male,B+,Normal,Dust Allergy,None,,,,,,,,,,,,,,,"Joint pain, allergy, rash / skin problem"
26/08/2023 13:38:38,junsume.sontai.das@gmail.com,Junsume Das,167,21,72,Female,B+,Normal,"Dust Allergy, Animal Allergy, Smoke Allergy, Cold Air",Asthma,,,,,,,,,,,,,,,Cold /Cough
26/08/2023 13:44:10,haritha.b2023@vitstudent.ac.in,Haritha. B,153,20,60,Female,B+,Normal,None,None,None,None,None,None,None,None,None,None,None,None,None,None,None,Colpol 500mg,None
26/08/2023 13:48:20,srikrishna887@gmail.com,Sri Krishna ,170,20,59,Male,O -,Normal,None,None,,,,,,,,,,,,,,,Fever
26/08/2023 13:55:43,pavithra2003pavii@gmail.com,PAVITHRA.N,153,20,45,Female,B+,Low,None,Back Pain,,,,,,,,,,Yes,,,,,Headache
26/08/2023 14:01:45,papitharaja2003@gmail.com,Papitha.R,170,20,38,Female,B+,Normal,None,None,None,None,None,None,None,None,None,None,None,None,None,None,None,None,None
26/08/2023 14:05:20,nalinimathsdkmcollege@gmail.com,Nalini.S,154,21,50,Female,A+,Normal,None,None,None,None,None,None,None,None,None,None,None,None,None,None,None,Paracetamale,None
26/08/2023 14:05:48,bimalkumarmondal527@gmail.com,Bimal Kumar Mondal ,165,33,62,Male,O+,Normal,None,None,None,None,None,None,None,None,None,None,None,None,None,None,None,None,None
26/08/2023 14:06:44,eshwarimathsdkm@gmail.com,Eshwari. B,166,20,59,Female,O+,Normal,None,None,None,None,None,None,None,None,None,None,None,None,None,None,None,Paracetamol,None
26/08/2023 14:08:25,revathichakkaravarthi1@gmail.com,C.Revathi,145,20,39,Female,B+,Normal,None,None,None,None,None,None,None,None,None,None,None,None,None,None,None,None,None
26/08/2023 14:09:01,neelavathignkumar@gmail.com,Neelavathi N,154,20,68,Female,B+,Normal,None,None,None,None,None,None,None,None,Nothing,None,None,None,None,None,None,None,None
26/08/2023 14:09:33,supriyasanthi2020@gmail.com,Supriya.R,155,21,40,Female,O+,Normal,None,None,None,None,None,None,None,None,None,None,None,Yes,None,None,None,None,Back ache
26/08/2023 14:13:23,doshinisiva@gmail.com,DOSHINI S,165,21,45,Female,B+,Normal,None,None,,,,,,,,,,,,,,,None
26/08/2023 14:16:00,krishnakardutta@gmail.com,Krishna kar Dutta,152,49,60,Female,O+,High,Heat allergy,High Pressure,None,Yes,None,None,None,N,None,Yes,None,None,None,None,None,Nope,Nope
26/08/2023 14:16:21,kothai533@gmail.com,Kothai ,159,20,54,Female,AB+,Normal,None,None,,,,,,,,,,,,,,,"rash / skin problem, Digestion problems"
26/08/2023 14:18:39,jayasrimathsdkm@gmail.com,Jayasri. P,134,20,53,Female,O+,Normal,None,None,None,None,None,None,None,None,None,None,None,None,None,None,None,None,Nothing to have
26/08/2023 14:19:34,rabiyamansoor00@gmail.com,Rabiya.B,170,20,75,Female,A+,Normal,None,None,None,,None,None,None,None,None,None,None,None,None,None,None,None,Headache
26/08/2023 14:21:28,ksanjita05@gmail.com,Sanjita Jha,165,20,73,Female,AB+,High,Heat allergy,High Pressure,,,,,,,,,,,,,,,Digestion problems
26/08/2023 14:31:20,alok.dutta2@gmail.com,ALOK KUMAR DUTTA ,167,55,65,Male,O+,Normal,Dust Allergy,Arthritis,None,None,None,None,None,None,None,None,None,None,None,None,None,None,Joint pain
26/08/2023 14:32:04,aabhapatwardhan0902@gmail.com,Aabha Patwardhan ,162,21,56,Female,O+,Normal,None,None,,,,,,,,,,,,,,,None
26/08/2023 14:41:46,prithasonai17@gmail.com,Pritha Das ,157,20,50,Female,A+,Normal,None,"Thyroid, PCOD, Depression, Anxiety",,,,,,Yes,Yes,,,,None,None,,,"Cold /Cough, rash / skin problem, Digestion problems"
26/08/2023 14:42:33,sathyasrinivasan12@gmail.com,Sathya.S,162,22,50,Female,B+,Normal,None,None,None,None,None,None,None,None,None,None,None,None,None,None,None,Paracetamol ,None
26/08/2023 14:47:41,sinchankarmakar2003@gmail.com,Sinchan Karmakar,177,19,72,Male,B+,Normal,None,None,,,,,,,,,,,,,,,Cold /Cough
26/08/2023 14:48:50,haldermahima2@gmail.com,Mahima Halder ,152,18,50,Female,AB+,Normal,"Dust Allergy, Cold Air",None,None,None,None,None,None,None,None,None,None,,,,,,"Cold /Cough, allergy"
26/08/2023 14:53:17,pyogalakshmi110@gmail.com,Yogalakshmi P,160,20,45,Female,O+,Normal,None,None,None,None,None,None,None,None,None,None,None,None,None,None,None,None,None
26/08/2023 14:54:10,sangeethasasi1437@gmail.com,Sangeetha,158,20,46,Female,B+,Normal,None,None,None,None,None,None,None,None,None,None,None,None,None,None,None,None,rash / skin problem
26/08/2023 14:57:21,umamageshwarimathsdkm@gmail.com,Umamageshwari.G,163,19,70,Female,B+,Normal,Dust Allergy,None,None,None,,,,,,,,,,,,,Cold /Cough
26/08/2023 15:23:37,prathishaarumugam73@gmail.com,Prathisha ,165,21,53,Female,O+,Normal,None,"Anxiety, None",None,None,None,None,None,None,None,None,None,None,None,None,None,None,Stomach ache
26/08/2023 15:37:04,diptadipbiswas2003@gmail.com,Diptadip Biswas ,182,20,120,Male,O+,Normal,"Dust Allergy, Smoke Allergy",None,,,,,,,,,,,,,,,"Headache, Cold /Cough"
26/08/2023 15:39:31,nadhiya19102001@gmail.com,Nadhiya. S,156,23,66,Female,O+,Low,None,Back Pain,None,None,None,None,None,None,None,None,None,None,None,None,None,Paracetamol,"Back ache, No"
26/08/2023 16:08:06,avigyandas123@gmail.com,Avigyan Das,177,20,63,Male,A+,Low,None,None,,,,,,,,,,,,,,,None
26/08/2023 16:11:49,hariyuva944@gmail.com,E. Haritha,155,21,43,Female,AB+,Normal,None,None,None,None,None,None,None,None,None,None,None,None,None,None,None,Tonic or tablets ,Fever
26/08/2023 16:44:34,suganthimathsdkm@gmail.com,Suganthi.M,145,20,45,Female,A+,Normal,None,None,None,None,None,None,None,None,None,None,None,None,None,None,None,None,rash / skin problem
26/08/2023 16:55:56,sakthimohan487@gmail.com,Sakthi.M ,142,21,50,Female,A+,Normal,None,None,,,,,,,,,,,,,,,Headache
26/08/2023 17:06:31,wasifakhatun03@gmail.com,Wasifa khatun ,155,19,50,Female,B+,Normal,None,None,,,,,,,,,,,,,,,Back ache
26/08/2023 17:08:10,swethamathsdkmcollege@gmail.com,Swetha. T,158,21,45,Female,A+,Normal,None,None,None,None,None,None,None,None,None,None,None,None,None,None,None,None,None
26/08/2023 17:22:57,arnabs@mail.vidyasagar.ac.in,Arnab Sadhu ,165,31,57,Male,AB+,Low,None,Back Pain,,,,,,,,,,Homeopathy ,,,,,None
26/08/2023 17:50:15,soumyajana96@gmail.com,SOUMYADIP JANA ,162,21,58,Male,O+,Normal,None,None,None,None ,None,None ,None ,None ,None ,None ,None ,None ,,None ,,Macbery  syrap,"Cold /Cough, rash / skin problem"
26/08/2023 18:38:32,devikamargu@gmail.com,Devika.M,149,20,49,Female,B+,Normal,None,None,None,None,None,None,None,None,None,None,None,None,Yoga,Sharing in another person ,Ointment ,Tablet ,None
26/08/2023 18:38:59,preethikakarthikayan@gmail.com,Preethika.k,157,20,45,Female,O+,Normal,None,None,None,None,None,None,None,None,None,None,None,None,None,None,None,None,Fever
26/08/2023 18:40:49,sivapriyaraji27@gmail.com,SIVAPRIYA S ,169,20,67,Female,O+,Normal,None,None,None,None,None,None,None,None,None,None,None,None,None,None,None,"Paracetamol,citrizen",Back ache
26/08/2023 18:51:04,v7119826@gmail.com,Poplu,162,18,68,Male,A+,Normal,None,None,,,,,,,,,,,,,,Peracetamol,Fever
26/08/2023 19:39:20,kowsalya4081@gmail.com,Kowsalya. S,153,19,40,Female,A+,Normal,Dust Allergy,None,,,,,,,,,,,,,,,Headache
26/08/2023 19:43:32,mithujyoti1989@gmail.com,Mithu Prasad,157,34,62,Male,B+,Normal,Dust Allergy,None,None,None,None,None,Yes,None,None,None,None,Yes,None,None,None,Yes,Cold /Cough
26/08/2023 20:18:31,jayapriya09072003@gmail.com,Jayapriya S ,148,20,42,Female,O+,Normal,None,None,None,None,None,None,None,None,None,None,None,None,None,None,None,None,"Fever, Cold /Cough"
26/08/2023 20:20:08,debaroti.das@vit.ac.in,Debaroti Das,154,34,53,Female,B+,Normal,"Dust Allergy, Smoke Allergy, Cold Air","Back Pain, Anxiety",,,,,,,,,,Pain killers occasionally ,,No medicine ,,Montelucas occasionally ,Back ache
26/08/2023 20:53:03,bipashaamp@gmail.com,Bipasha Chatterjee ,163,22,55,Female,A+,Normal,Dust Allergy,None,,,,,,,,,,,,,,,allergy
26/08/2023 21:20:50,krishnashismukherjee@gmail.com,KRISHNASHIS MUKHERJEE ,163,54,58,Male,B+,Normal,Heat allergy,Back Pain,,,,,,,,,,Yes ,,,,Yes ,rash / skin problem
26/08/2023 21:22:53,mdkaju6@gmail.com,MD.  Kaju,170,43,58,Male,O+,Normal,Dust Allergy,Gastric,None,None,None,None,None,None,None,None,None,None,None,None,None,None,Headache
26/08/2023 21:47:06,rangeetsg@gmail.com,rangeet sengupta,170,20,47,Male,B+,Normal,None,None,,,,,,,,,,,,,,,Fever
26/08/2023 21:49:44,sarsayan2002@gmail.com,Sayan Sar,186,21,60,Male,A+,Normal,None,Anxiety,,,,,,,,,,,,None,,,Headache
26/08/2023 21:53:02,babu.biswajit03@gmail.com,Biswajit Bhandari ,152,23,60,Male,A+,Normal,Heat allergy,Gastric,Pan D,None,None,None,Yes,None,None,None,None,None,None,None,None,Yes,Headache
26/08/2023 22:05:39,subratabasubarasat1@gmail.com,Subrata Kumar Basu ,165,55,72,Male,A+,High,None,"Diabetes, High Pressure",Lupisulin m30,Telma am40,Roseday5,None,None,None,None,None,None,None,None,None,Na,None,Cold /Cough
26/08/2023 22:54:44,tuhinpaul2k2@gmail.com,Tuhin Paul ,179,21,76,Male,B+,Normal,Dust Allergy,Asthma,None,None,None,Yes,Yes,None,None,None,None,None,None,None,NA,"Lemolate, Paracetamol ",Back ache
26/08/2023 23:03:02,purnimamondal8888@gmail.com,Purnima Mondal ,162,45,50,Female,B+,Normal,None,Diabetes,Yes,None,None,None,None,None,None,None,None,None,None,None,None,None,Headache
27/08/2023 00:27:09,durjaymondal9@gmail.com,Durjay Mondal ,171,22,71,Male,O+,Normal,None,"Depression, Anxiety",,,,,,,,,,,Motivational videos ,Play fifa or watch p*rn,,,"Fever, "
27/08/2023 08:21:55,soumendipu123@gmail.com,SOUMEN BANERJEE ,170,46,66,Male,B+,Normal,None,Back Pain,None,None,None,None,None,None,None,None,None,Exercise ,None,None,NA,None,Back ache
27/08/2023 10:03:47,mstpooja777@gmail.com,POOJA M S,162,21,56,Female,O+,Normal,None,None,None,None,None,None,None,None,None,None,None,None,None,None,None,None,None
27/08/2023 10:18:14,kavyakumar408@gmail.com,Kavya.K,153,20,45,Female,O+,Normal,Animal Allergy,Back Pain,None,None,None,None,None,None,None,None,None,None,None,None,None,None,Cold /Cough
27/08/2023 12:05:04,neelsrk007@gmail.com,NILADRI SHEKHAR GHOSH,162,39,78,Male,AB-,Normal,"Dust Allergy, Animal Allergy, Smoke Allergy","Gastric, Anxiety",None,None,None,None,Yes,None,None,None,None,None,None,None,Yes,Yes,Digestion problems
27/08/2023 12:14:43,banerjeeabhik41@gmail.com,Abhik,180,22,80,Male,B+,Normal,"Dust Allergy, Cold Air","Gastric, Depression",,,,,Gelusil,,,,,,Option 1,,,,Digestion problems
27/08/2023 12:17:20,poplu602@gmail.com,P0plu,168,19,69,Male,B+,Normal,Dust Allergy,Thyroid,,,,,,Unithroid,,,,,,,ODACTRA,,allergy
27/08/2023 12:19:43,p38194822@gmail.com,Bholu,169,24,71,Male,O+,High,None,High Pressure,,thiazide diuretic,,,,,,,,,,,,,Conjunctivitis
27/08/2023 12:23:13,p38194822@gmail.com,Pole,159,18,58,Female,AB+,Normal,None,Gastric,,,,,Omeprazole,,,,,,,,,,Stomach ache
27/08/2023 12:54:07,i8955362@gmail.com,Ichi,170,29,80,Male,B+,Normal,None,None,,,,,,,,,,,,,,,"Fever, Headache, Cold /Cough"
27/08/2023 13:23:51,pbscada@gmail.com,Partha Basu,170,38,69,Male,A+,Normal,None,None,,,,,,,,,,,,,,,Cold /Cough
27/08/2023 13:33:28,amitmitra191@gmail.com,Amit Kumar Mitra ,170,47,79,Male,A+,Normal,Cold Air,Diabetes,Medicine ,None,None,None,None,None,None,None,None,None,None,None,None,Some time,Fever
27/08/2023 17:15:27,,Bhalu,168,26,75,Male,A+,Normal,None,None,,,,,,,,,,,,,,,Conjunctivitis
27/08/2023 17:16:23,,Saheb Ghosh ,165,28,72,Male,B-,Normal,None,Thyroid,None,None,None,None,None,None,None,None,None,None,None,None,None,None,None
27/08/2023 18:25:12,,Kaustav Sarkar,175,22,70,Male,AB+,Normal,None,High Pressure,None,Homeopathy,None,None,Homeopathy,None,None,None,None,None,None,None,None,Elopathay,"Headache, Stomach ache, Abdominal pain, Digestion problems"
27/08/2023 19:12:08,,Sonali Dutta,170,49,75,Female,A+,High,Heat allergy,"High Pressure, Thyroid",None,Amlong 2.5,None,None,Antacid ,None,Bio D 3 Fem,Dolo 650,None,None,Kali phos 6X,Kali phos 6X,Biofex M,Calpol 650,"Headache, Joint pain"
27/08/2023 20:29:54,,GOPIKA K.V.,155,21,49,Female,O+,Normal,None,Thyroid,,,,,,Thyroxine 100 mcg,,,,,,,,,Back ache
27/08/2023 20:32:09,,Anupama Mohanan ,157,20,49,Female,A+,Normal,None,PCOD,,,,,,,Krimson tablet,,,,,,,,Stomach ache
27/08/2023 21:17:12,,Biswajit Bose ,168,44,65,Male,O+,Normal,Dust Allergy,None,,,,,,,,,,,,,,,Digestion problems
27/08/2023 22:25:00,,Kavibharathi G,154,20,42,Female,O+,Normal,None,None,,,,,,,,,,,,,,,Cold /Cough
28/08/2023 09:52:20,,Bhuvana,160,21,60,Female,O+,Normal,None,PCOD,Nothing ,None,None,None,None,None,Exercise ,None,None,None,None,None,Nothing ,Nothing ,Cold /Cough
28/08/2023 09:52:30,,A IBRAHIM,162,20,75,Male,O+,Normal,None,None,,,Smooth breathe,,,,,,,,Music,,,Crocin,"Fever, Headache, Cold /Cough, Stomach ache"
28/08/2023 11:57:28,,sb001,160,23,50,Female,A+,Normal,Dust Allergy,Back Pain,,,,,,,,,,,,,,,"Headache, Cold /Cough, Back ache, allergy"
28/08/2023 12:44:29,,GURJEET SINGH ,187,21,95,Male,B+,Normal,None,None,,,,,,,,,,,,,,,"Fever, Headache, Cold /Cough"
28/08/2023 15:28:36,,kaushal,178,21,93,Male,O+,Normal,"Dust Allergy, Smoke Allergy, Heat allergy",Anxiety,,,,,,,,,,,,None,,"Dolo 650, coldact, benadryl","Joint pain, rash / skin problem"
28/08/2023 19:22:07,,Prasenjit Mukhopadhyay ,177,48,85,Male,B+,High,None,High Pressure,No,Amlosafe5,None,None,None,None,None,None,None,None,None,None,None,Paracetamol ,Cold /Cough
28/08/2023 21:09:27,,Soumendra Parbat,172,50,63,Male,B+,High,Dust Allergy,"High Pressure, Thyroid, Back Pain",,Cilacar 10,,,Pan40,Eltroxin50,,,,,,,,,Digestion problems
29/08/2023 12:40:40,,Neha Das ,165,21,72,Female,B+,Normal,None,Anxiety,,,,,,,,,,,,,,,Fever
29/08/2023 21:00:20,,Gouri bala shankar ,165,22,55,Male,AB+,High,Dust Allergy,None,Nil,None,None,None,None,None,None,,,,,,,,rash / skin problem
30/08/2023 23:38:14,,Hemanta Sinha Roy ,165,53,65,Male,A+,High,None,High Pressure,,Amlong H,,,,,,,,,,,,,Back ache
31/08/2023 09:36:05,,Tamanna Ajmi ,157,18,59,Female,A+,Normal,Dust Allergy,Anxiety,,,,,,,,,,,,,,,"Cold /Cough, allergy, rash / skin problem"
02/09/2023 17:38:14,,ARNAB HAZRA,157,40,64,Male,A+,Normal,"Dust Allergy, None",None,Good,5.2,Yes,No,No,Yes ,No,No,No,No,No,No,Yes ,No,Fever
06/09/2023 14:37:45,,Ps,155,22,63,Male,O+,Normal,"Dust Allergy, Smoke Allergy",None,,,,,,,,,,,,,,,"Cold /Cough, allergy"
14/09/2023 00:33:40,,Shamik Roy ,167,22,91,Male,B+,Normal,None,Thyroid,,,,,,,,,,,,,,,Cold /Cough